,kc,outcome,predicted_outcome,student,t
0,1,1,0.42,0,0
1,1,0,0.5599999999999999,0,1
2,1,0,0.5440909128839311,0,2
3,1,0,0.5324327084668715,0,3
4,1,0,0.5243932532597643,0,4
5,1,0,0.5190788829717956,0,5
6,1,1,0.5156634381327694,0,6
7,1,0,0.6249303205818855,0,7
8,1,0,0.6019271814934337,0,8
9,1,1,0.5792791746322757,0,9
10,1,1,0.6562363251394729,0,10
11,1,0,0.6859953100094422,0,11
12,1,0,0.6781458905037627,0,12
13,1,1,0.6667286865013616,0,13
14,1,0,0.6895204886868193,0,14
15,1,1,0.6834612112074091,0,15
16,1,1,0.694918275911817,0,16
17,1,0,0.6984643112262221,0,17
18,1,0,0.6975045033842626,0,18
19,1,1,0.6959576680338175,0,19
20,1,0,0.42,1,0
21,1,1,0.4634482988817883,1,1
22,1,0,0.5928124921768922,1,2
23,1,1,0.5710130441893277,1,3
24,1,1,0.6525627778184152,1,4
25,1,1,0.6847342946426306,1,5
26,1,1,0.695318163765331,1,6
27,1,1,0.6985859685333478,1,7
28,1,0,0.6995749085786992,1,8
29,1,0,0.6993066874315365,1,9
30,1,1,0.6988702213748054,1,10
31,1,1,0.6996604951669214,1,11
32,1,1,0.6998980757721425,1,12
33,1,1,0.6999693949166593,1,13
34,1,1,0.6999907947094098,1,14
35,1,1,0.6999972150117542,1,15
36,1,1,0.6999991411352661,1,16
37,1,1,0.6999997189752724,1,17
38,1,1,0.6999998923275402,1,18
39,1,1,0.6999999443332445,1,19
40,1,0,0.42,2,0
41,1,1,0.4634482988817883,2,1
42,1,1,0.5928124921768922,2,2
43,1,0,0.6620294959694755,2,3
44,1,1,0.6449492100118428,2,4
45,1,0,0.6820750535499505,2,5
46,1,1,0.6723732946437587,2,6
47,1,1,0.6913714251097974,2,7
48,1,1,0.6973790980556269,2,8
49,1,1,0.6992107511509426,2,9
50,1,1,0.6997629347384481,2,10
51,1,0,0.6999288329694514,2,11
52,1,0,0.6998838091988914,2,12
53,1,1,0.6998103162623055,2,13
54,1,1,0.6999430560949559,2,14
55,1,0,0.6999828920752978,2,15
56,1,1,0.6999720797832791,2,16
57,1,0,0.6999916002366656,2,17
58,1,1,0.6999863019074102,2,18
59,1,0,0.6999958671271815,2,19
60,1,0,0.42,3,0
61,1,0,0.4634482988817883,3,1
62,1,0,0.4839717404915881,3,2
63,1,0,0.49486812522551304,3,3
64,1,1,0.5010131193968772,3,4
65,1,0,0.6165944878578296,3,5
66,1,1,0.5934060738938325,3,6
67,1,0,0.6622775398429606,3,7
68,1,1,0.6452686631497359,3,8
69,1,0,0.6821878923284532,3,9
70,1,1,0.6725374597096139,3,10
71,1,0,0.6914247919034274,3,11
72,1,0,0.6863830721715839,3,12
73,1,1,0.678724715417074,3,13
74,1,0,0.6934173235186947,3,14
75,1,1,0.6894791652114692,3,15
76,1,1,0.6967955649387416,3,16
77,1,0,0.6990342252250452,3,17
78,1,1,0.698427650511076,3,18
79,1,0,0.6995272098980367,3,19
80,1,0,0.42,4,0
81,1,0,0.4634482988817883,4,1
82,1,1,0.4839717404915881,4,2
83,1,1,0.6062632349264827,4,3
84,1,1,0.667531045262208,4,4
85,1,1,0.6897855005348429,4,5
86,1,1,0.696890249498779,4,6
87,1,0,0.6990628885583431,4,7
88,1,1,0.6984741717492173,4,8
89,1,1,0.6995412282442781,4,9
90,1,1,0.6998622548601467,4,10
91,1,1,0.6999586449637722,4,11
92,1,1,0.6999875693922961,4,12
93,1,1,0.6999962473868045,4,13
94,1,0,0.6999988508450978,4,14
95,1,0,0.6999981441935468,4,15
96,1,0,0.6999969900073173,4,16
97,1,1,0.6999951048666326,4,17
98,1,1,0.6999985080848445,4,18
99,1,1,0.6999995290595263,4,19
100,1,0,0.42,5,0
101,1,1,0.4634482988817883,5,1
102,1,1,0.5928124921768922,5,2
103,1,1,0.6620294959694755,5,3
104,1,1,0.6879554903670095,5,4
105,1,1,0.6963233626307737,5,5
106,1,0,0.6988911616560274,5,6
107,1,1,0.6981955875278716,5,7
108,1,1,0.6994572539510181,5,8
109,1,1,0.6998370264921562,5,9
110,1,1,0.6999510732016289,5,10
111,1,1,0.6999852975708731,5,11
112,1,1,0.6999955658140243,5,12
113,1,0,0.6999986463708918,5,13
114,1,1,0.699997810221722,5,14
115,1,1,0.6999993196995086,5,15
116,1,1,0.6999997725446578,5,16
117,1,0,0.6999999083983661,5,17
118,1,0,0.6999998715237917,5,18
119,1,1,0.6999998112953515,5,19
120,1,1,0.42,6,0
121,1,1,0.5599999999999999,6,1
122,1,1,0.6474999791383793,6,2
123,1,0,0.6829729436539385,6,3
124,1,1,0.6736828373460272,6,4
125,1,1,0.6917964075887146,6,5
126,1,1,0.6975097147211121,6,6
127,1,1,0.6992502238386977,6,7
128,1,1,0.6997748026221315,6,8
129,1,1,0.6999323956865592,6,9
130,1,1,0.6999796933839783,6,10
131,1,1,0.6999938844740284,6,11
132,1,0,0.6999981419613391,6,12
133,1,1,0.6999969863614228,6,13
134,1,1,0.6999990725396049,6,14
135,1,1,0.6999996983965235,6,15
136,1,1,0.6999998861539108,6,16
137,1,1,0.6999999424811554,6,17
138,1,1,0.6999999593793312,6,18
139,1,1,0.6999999644487841,6,19
140,1,1,0.42,7,0
141,1,0,0.5599999999999999,7,1
142,1,1,0.5440909128839311,7,2
143,1,0,0.6398245423718547,7,3
144,1,1,0.6181344235483434,7,4
145,1,1,0.6721876283905615,7,5
146,1,1,0.6913110372966381,7,6
147,1,0,0.6973605250717626,7,7
148,1,1,0.6957264775149833,7,8
149,1,1,0.6987100449357857,7,9
150,1,1,0.6996122756999402,7,10
151,1,1,0.6998835948931478,7,11
152,1,1,0.699965049298086,7,12
153,1,1,0.6999894909018617,7,13
154,1,1,0.6999968238585107,7,14
155,1,1,0.6999990237883048,7,15
156,1,1,0.6999996837710952,7,16
157,1,1,0.699999881766279,7,17
158,1,0,0.6999999411648653,7,18
159,1,1,0.6999999250423924,7,19
160,1,0,0.42,8,0
161,1,1,0.4634482988817883,8,1
162,1,0,0.5928124921768922,8,2
163,1,0,0.5710130441893277,8,3
164,1,0,0.5526677656710705,8,4
165,1,1,0.538614820094147,8,5
166,1,0,0.6370776707112836,8,6
167,1,1,0.6150453521793117,8,7
168,1,0,0.6709932135601157,8,8
169,1,0,0.6567993071546391,8,9
170,1,1,0.6383208237656782,8,10
171,1,0,0.67970825884916,8,11
172,1,1,0.6689565882980257,8,12
173,1,1,0.690254776412065,8,13
174,1,1,0.6970351340381017,8,14
175,1,1,0.6991067335791874,8,15
176,1,1,0.6997316543295096,8,16
177,1,0,0.6999194420685055,8,17
178,1,1,0.6998684784784226,8,18
179,1,1,0.6999605127674899,8,19
180,1,1,0.42,9,0
181,1,0,0.5599999999999999,9,1
182,1,0,0.5440909128839311,9,2
183,1,1,0.5324327084668715,9,3
184,1,1,0.6339087515490518,9,4
185,1,1,0.6781054041225141,9,5
186,1,1,0.6932195193548203,9,6
187,1,0,0.6979459363741508,9,7
188,1,0,0.6966678646835521,9,8
189,1,1,0.6946173185770954,9,9
190,1,0,0.6983726590279364,9,10
191,1,1,0.6973563707012073,9,11
192,1,1,0.6992038813764793,9,12
193,1,0,0.6997608691307432,9,13
194,1,1,0.6996097517180774,9,14
195,1,1,0.6998828368564212,9,15
196,1,0,0.6999648218111906,9,16
197,1,0,0.6999425701553481,9,17
198,1,1,0.6999062369926798,9,18
199,1,1,0.6999718439671794,9,19
200,1,0,0.42,10,0
201,1,1,0.4634482988817883,10,1
202,1,1,0.5928124921768922,10,2
203,1,0,0.6620294959694755,10,3
204,1,1,0.6449492100118428,10,4
205,1,1,0.6820750535499505,10,5
206,1,0,0.6944811728100951,10,6
207,1,1,0.691148763321728,10,7
208,1,1,0.6973105997188211,10,8
209,1,0,0.6991900448688105,10,9
210,1,1,0.6986806562203225,10,10
211,1,0,0.6996034261294812,10,11
212,1,1,0.6993531387962122,10,12
213,1,0,0.6998057387995776,10,13
214,1,1,0.6996829331015679,10,14
215,1,1,0.6999048134701041,10,15
216,1,1,0.6999714167951495,10,16
217,1,1,0.6999914013241898,10,17
218,1,1,0.6999973970007995,10,18
219,1,0,0.6999991957323949,10,19
220,1,0,0.42,11,0
221,1,1,0.4634482988817883,11,1
222,1,1,0.5928124921768922,11,2
223,1,1,0.6620294959694755,11,3
224,1,1,0.6879554903670095,11,4
225,1,1,0.6963233626307737,11,5
226,1,1,0.6988911616560274,11,6
227,1,0,0.6996667973892401,11,7
228,1,1,0.6994563938813864,11,8
229,1,1,0.6998367680703941,11,9
230,1,1,0.6999509956389667,11,10
231,1,0,0.699985274298821,11,11
232,1,0,0.6999759703363873,11,12
233,1,1,0.6999607758239875,11,13
234,1,1,0.6999882087238931,11,14
235,1,1,0.6999964391929026,11,15
236,1,1,0.6999989083875229,11,16
237,1,1,0.6999996491507616,11,17
238,1,1,0.6999998713801701,11,18
239,1,1,0.6999999380490318,11,19
240,1,1,0.42,12,0
241,1,0,0.5599999999999999,12,1
242,1,0,0.5440909128839311,12,2
243,1,1,0.5324327084668715,12,3
244,1,0,0.6339087515490518,12,4
245,1,0,0.6115392424678793,12,5
246,1,1,0.5884166075152532,12,6
247,1,1,0.6601769826280763,12,7
248,1,1,0.6873324145011321,12,8
249,1,0,0.6961296619891247,12,9
250,1,1,0.6937589840865904,12,10
251,1,1,0.6981108288918373,12,11
252,1,1,0.6994316916597835,12,12
253,1,1,0.6998293456191104,12,13
254,1,1,0.6999487678413046,12,14
255,1,0,0.699984605863873,12,15
256,1,1,0.6999748786686681,12,16
257,1,0,0.6999924399658303,12,17
258,1,1,0.6999876733923881,12,18
259,1,1,0.6999962785879328,12,19
260,1,0,0.42,13,0
261,1,1,0.4634482988817883,13,1
262,1,1,0.5928124921768922,13,2
263,1,1,0.6620294959694755,13,3
264,1,1,0.6879554903670095,13,4
265,1,1,0.6963233626307737,13,5
266,1,0,0.6988911616560274,13,6
267,1,1,0.6981955875278716,13,7
268,1,1,0.6994572539510181,13,8
269,1,1,0.6998370264921562,13,9
270,1,1,0.6999510732016289,13,10
271,1,1,0.6999852975708731,13,11
272,1,1,0.6999955658140243,13,12
273,1,1,0.6999986463708918,13,13
274,1,0,0.6999995705455052,13,14
275,1,1,0.6999993196982883,13,15
276,1,1,0.6999997725442917,13,16
277,1,1,0.6999999083982562,13,17
278,1,1,0.6999999491544601,13,18
279,1,0,0.6999999613813227,13,19
280,1,1,0.42,14,0
281,1,0,0.5599999999999999,14,1
282,1,1,0.5440909128839311,14,2
283,1,0,0.6398245423718547,14,3
284,1,0,0.6181344235483434,14,4
285,1,1,0.5949522219816763,14,5
286,1,1,0.6629213151762883,14,6
287,1,0,0.6882542038332808,14,7
288,1,1,0.6815380518129849,14,8
289,1,0,0.6943113598963431,14,9
290,1,1,0.6908814806144318,14,10
291,1,1,0.6972283161593426,14,11
292,1,0,0.6991651660887392,14,12
293,1,1,0.6986402427463357,14,13
294,1,0,0.6995912555526989,14,14
295,1,1,0.6993333134378505,14,15
296,1,1,0.6997997800162407,14,16
297,1,0,0.6999398934600782,14,17
298,1,1,0.699901866768469,14,18
299,1,0,0.6999705325405544,14,19
300,1,1,0.42,15,0
301,1,1,0.5599999999999999,15,1
302,1,1,0.6474999791383793,15,2
303,1,1,0.6829729436539385,15,3
304,1,1,0.6947645108059247,15,4
305,1,1,0.6984174942105312,15,5
306,1,0,0.6995241492294658,15,6
307,1,1,0.6992240288970774,15,7
308,1,1,0.6997669269836948,15,8
309,1,1,0.6999300314477055,15,9
310,1,1,0.6999789839729742,15,10
311,1,1,0.6999936716381837,15,11
312,1,1,0.6999980781094567,15,12
313,1,0,0.6999994000662934,15,13
314,1,1,0.6999990412498021,15,14
315,1,1,0.6999996890095584,15,15
316,1,1,0.6999998833378192,15,16
317,1,1,0.6999999416363276,15,17
318,1,0,0.6999999591258825,15,18
319,1,1,0.6999999543787178,15,19
320,1,1,0.42,16,0
321,1,1,0.5599999999999999,16,1
322,1,1,0.6474999791383793,16,2
323,1,1,0.6829729436539385,16,3
324,1,0,0.6947645108059247,16,4
325,1,0,0.6915953947074344,16,5
326,1,1,0.6866465970992528,16,6
327,1,1,0.69591604996299,16,7
328,1,1,0.6987676018004223,16,8
329,1,1,0.6996296051457365,16,9
330,1,1,0.6998887993614483,16,10
331,1,1,0.6999666111462225,16,11
332,1,1,0.6999899595020053,16,12
333,1,1,0.6999969644426677,16,13
334,1,0,0.6999990659639223,16,14
335,1,1,0.6999984955519317,16,15
336,1,1,0.6999995252996369,16,16
337,1,1,0.6999998342247924,16,17
338,1,1,0.699999926902415,16,18
339,1,1,0.6999999547057086,16,19
340,1,1,0.42,17,0
341,1,1,0.5599999999999999,17,1
342,1,0,0.6474999791383793,17,2
343,1,0,0.6270212606166309,17,3
344,1,1,0.6041243477229475,17,4
345,1,1,0.6666725900739153,17,5
346,1,1,0.6895019366855972,17,6
347,1,0,0.6968026062218164,17,7
348,1,1,0.6948326835362393,17,8
349,1,1,0.6984382533868496,17,9
350,1,0,0.6995304050500465,17,10
351,1,0,0.6992342146141897,17,11
352,1,0,0.6987524227078975,17,12
353,1,1,0.697970750020751,17,13
354,1,1,0.6993894317730028,17,14
355,1,1,0.6998166462761917,17,15
356,1,1,0.699944956111345,17,16
357,1,1,0.699983462171362,17,17
358,1,0,0.699995015169649,17,18
359,1,1,0.6999918793836809,17,19
360,1,1,0.42,18,0
361,1,1,0.5599999999999999,18,1
362,1,1,0.6474999791383793,18,2
363,1,1,0.6829729436539385,18,3
364,1,1,0.6947645108059247,18,4
365,1,1,0.6984174942105312,18,5
366,1,0,0.6995241492294658,18,6
367,1,0,0.6992240288970774,18,7
368,1,1,0.698735871203521,18,8
369,1,1,0.6996200519266993,18,9
370,1,1,0.6998859303214567,18,10
371,1,0,0.6999657501572505,18,11
372,1,0,0.6999440861033986,18,12
373,1,1,0.699908712106496,18,13
374,1,0,0.6999725866975876,18,14
375,1,0,0.6999552501602804,18,15
376,1,0,0.6999269406197838,18,16
377,1,1,0.6998807198458137,18,17
378,1,0,0.6999641864934918,18,18
379,1,1,0.699941532715056,18,19
380,1,0,0.42,19,0
381,1,0,0.4634482988817883,19,1
382,1,0,0.4839717404915881,19,2
383,1,0,0.49486812522551304,19,3
384,1,1,0.5010131193968772,19,4
385,1,1,0.6165944878578296,19,5
386,1,0,0.6715936955599974,19,6
387,1,0,0.6576162676498339,19,7
388,1,1,0.6393428385352621,19,8
389,1,1,0.6800763892331267,19,9
390,1,1,0.6938477885107546,19,10
391,1,0,0.6981379482288863,19,11
392,1,1,0.6969774299808189,19,12
393,1,1,0.6990892733371213,19,13
394,1,0,0.6997264027320409,19,14
395,1,1,0.699553552677988,19,15
396,1,1,0.6998659569758259,19,16
397,1,0,0.6999597560297207,19,17
398,1,1,0.6999342981235516,19,18
399,1,1,0.6999802642237257,19,19
400,1,0,0.42,20,0
401,1,0,0.4634482988817883,20,1
402,1,0,0.4839717404915881,20,2
403,1,0,0.49486812522551304,20,3
404,1,1,0.5010131193968772,20,4
405,1,0,0.6165944878578296,20,5
406,1,1,0.5934060738938325,20,6
407,1,1,0.6622775398429606,20,7
408,1,0,0.6880386530402803,20,8
409,1,0,0.6812122408810191,20,9
410,1,1,0.6711218614118853,20,10
411,1,1,0.6909637509901052,20,11
412,1,1,0.6972536500539996,20,12
413,1,0,0.6991728265239062,20,13
414,1,0,0.6986526857631096,20,14
415,1,1,0.697809246273834,20,15
416,1,0,0.6993406872355498,20,16
417,1,1,0.6989255048600369,20,17
418,1,1,0.6996771325602291,20,18
419,1,1,0.6999030717159345,20,19
420,1,0,0.42,21,0
421,1,0,0.4634482988817883,21,1
422,1,1,0.4839717404915881,21,2
423,1,1,0.6062632349264827,21,3
424,1,1,0.667531045262208,21,4
425,1,1,0.6897855005348429,21,5
426,1,0,0.696890249498779,21,6
427,1,1,0.6949728714796695,21,7
428,1,0,0.6984809290097163,21,8
429,1,0,0.6975313714881439,21,9
430,1,1,0.6960008353647809,21,10
431,1,0,0.6987933336949878,21,11
432,1,1,0.6980370279980564,21,12
433,1,1,0.6994094290497097,21,13
434,1,1,0.6998226557659734,21,14
435,1,1,0.6999467598874428,21,15
436,1,1,0.6999840033878578,21,16
437,1,1,0.699995177542129,21,17
438,1,1,0.6999985298877939,21,18
439,1,1,0.6999995356004383,21,19
440,1,0,0.42,22,0
441,1,0,0.4634482988817883,22,1
442,1,0,0.4839717404915881,22,2
443,1,1,0.49486812522551304,22,3
444,1,1,0.6129511432095985,22,4
445,1,1,0.6701766230442127,22,5
446,1,1,0.6906548153726476,22,6
447,1,1,0.6971584868690835,22,7
448,1,0,0.6991440483026352,22,8
449,1,0,0.6986059439335457,22,9
450,1,1,0.6977335941492288,22,10
451,1,1,0.6993178463956521,22,11
452,1,1,0.6997951309499836,22,12
453,1,1,0.6999384979328611,22,13
454,1,0,0.6999815243953863,22,14
455,1,1,0.6999698461705341,22,15
456,1,0,0.6999909300973103,22,16
457,1,1,0.6999852074099558,22,17
458,1,1,0.6999955387646121,22,18
459,1,1,0.6999986382559656,22,19
460,1,1,0.42,23,0
461,1,1,0.5599999999999999,23,1
462,1,1,0.6474999791383793,23,2
463,1,0,0.6829729436539385,23,3
464,1,1,0.6736828373460272,23,4
465,1,0,0.6917964075887146,23,5
466,1,1,0.6869574699249841,23,6
467,1,0,0.6960129305886461,23,7
468,1,1,0.6935732200224725,23,8
469,1,0,0.6980540772980516,23,9
470,1,0,0.6968421631847853,23,10
471,1,0,0.6948959460005903,23,11
472,1,1,0.6918028603062029,23,12
473,1,0,0.6975116967012175,23,13
474,1,1,0.6959692243422987,23,14
475,1,1,0.6987837406597122,23,15
476,1,0,0.6996344637841189,23,16
477,1,0,0.6994037051049297,23,17
478,1,0,0.6990280046234039,23,18
479,1,1,0.6984175555041282,23,19
480,1,0,0.42,24,0
481,1,0,0.4634482988817883,24,1
482,1,0,0.4839717404915881,24,2
483,1,1,0.49486812522551304,24,3
484,1,1,0.6129511432095985,24,4
485,1,1,0.6701766230442127,24,5
486,1,1,0.6906548153726476,24,6
487,1,1,0.6971584868690835,24,7
488,1,0,0.6991440483026352,24,8
489,1,0,0.6986059439335457,24,9
490,1,0,0.6977335941492288,24,10
491,1,1,0.6963259803281275,24,11
492,1,1,0.698891955277048,24,12
493,1,0,0.6996670362313321,24,13
494,1,1,0.6994567831254055,24,14
495,1,1,0.6998368850251024,24,15
496,1,1,0.6999510307417393,24,16
497,1,1,0.6999852848311258,24,17
498,1,0,0.69999556199194,24,18
499,1,0,0.699992772498902,24,19
500,1,0,0.42,25,0
501,1,1,0.4634482988817883,25,1
502,1,0,0.5928124921768922,25,2
503,1,1,0.5710130441893277,25,3
504,1,0,0.6525627778184152,25,4
505,1,0,0.6330980272035416,25,5
506,1,1,0.6106519818666608,25,6
507,1,1,0.6692736659057703,25,7
508,1,1,0.6903588837164444,25,8
509,1,1,0.6970672494989819,25,9
510,1,0,0.6991164499057971,25,10
511,1,1,0.6985611267837466,25,11
512,1,1,0.6995674255880823,25,12
513,1,1,0.699870124079637,25,13
514,1,1,0.6999610066322113,25,14
515,1,0,0.6999882779740914,25,15
516,1,0,0.6999808759079404,25,16
517,1,0,0.699968787106876,25,17
518,1,1,0.6999490453733404,25,18
519,1,0,0.6999846891356315,25,19
520,1,1,0.42,26,0
521,1,0,0.5599999999999999,26,1
522,1,0,0.5440909128839311,26,2
523,1,0,0.5324327084668715,26,3
524,1,1,0.5243932532597643,26,4
525,1,1,0.6296760061705291,26,5
526,1,1,0.6765465855804339,26,6
527,1,1,0.6927200395309575,26,7
528,1,0,0.6977930366469315,26,8
529,1,0,0.6964216380711599,26,9
530,1,1,0.6942242546558429,26,10
531,1,1,0.6982528374355232,26,11
532,1,1,0.6994745163947194,26,12
533,1,1,0.6998422131367948,26,13
534,1,1,0.6999526299081186,26,14
535,1,0,0.6999857646470276,26,15
536,1,0,0.6999767711613253,26,16
537,1,1,0.6999620836323188,26,17
538,1,1,0.6999886011095953,26,18
539,1,0,0.6999965569125016,26,19
540,1,0,0.42,27,0
541,1,0,0.4634482988817883,27,1
542,1,0,0.4839717404915881,27,2
543,1,0,0.49486812522551304,27,3
544,1,0,0.5010131193968772,27,4
545,1,1,0.5045969286214829,27,5
546,1,1,0.6186783478666624,27,6
547,1,1,0.6723967062014916,27,7
548,1,1,0.6913790373341265,27,8
549,1,0,0.6973814390546921,27,9
550,1,1,0.6957600461004781,27,10
551,1,1,0.6987202391162656,27,11
552,1,0,0.6996153452117008,27,12
553,1,0,0.6993725560375564,27,13
554,1,1,0.6989773347019262,27,14
555,1,0,0.6996927282000034,27,15
556,1,0,0.6994986572715475,27,16
557,1,1,0.69918252731685,27,17
558,1,0,0.6997544481207252,27,18
559,1,1,0.69959928098949,27,19
560,1,0,0.42,28,0
561,1,0,0.4634482988817883,28,1
562,1,0,0.4839717404915881,28,2
563,1,0,0.49486812522551304,28,3
564,1,0,0.5010131193968772,28,4
565,1,1,0.5045969286214829,28,5
566,1,1,0.6186783478666624,28,6
567,1,0,0.6723967062014916,28,7
568,1,1,0.6587134503739501,28,8
569,1,1,0.686837690828696,28,9
570,1,1,0.6959756129324935,28,10
571,1,1,0.6987856794831768,28,11
572,1,0,0.6996350474560026,28,12
573,1,1,0.6994046561187915,28,13
574,1,1,0.6998212214579101,28,14
575,1,1,0.6999463293760713,28,15
576,1,1,0.6999838742147311,28,16
577,1,0,0.6999951387884161,28,17
578,1,0,0.6999920812877523,28,18
579,1,0,0.6999870875816229,28,19
580,1,1,0.42,29,0
581,1,0,0.5599999999999999,29,1
582,1,0,0.5440909128839311,29,2
583,1,1,0.5324327084668715,29,3
584,1,1,0.6339087515490518,29,4
585,1,0,0.6781054041225141,29,5
586,1,1,0.6666712413170891,29,6
587,1,1,0.6895014905913358,29,7
588,1,0,0.6968024682872123,29,8
589,1,1,0.6948324629697474,29,9
590,1,1,0.6984381862290451,29,10
591,1,0,0.699530384812503,29,11
592,1,1,0.6992341816627701,29,12
593,1,0,0.6997699795328227,29,13
594,1,1,0.6996246088016287,29,14
595,1,1,0.6998872988601372,29,15
596,1,1,0.6999661608518526,29,16
597,1,0,0.6999898244007325,29,17
598,1,1,0.6999834015543274,29,18
599,1,0,0.6999949969836795,29,19
600,1,1,0.42,30,0
601,1,0,0.5599999999999999,30,1
602,1,0,0.5440909128839311,30,2
603,1,1,0.5324327084668715,30,3
604,1,1,0.6339087515490518,30,4
605,1,0,0.6781054041225141,30,5
606,1,1,0.6666712413170891,30,6
607,1,1,0.6895014905913358,30,7
608,1,1,0.6968024682872123,30,8
609,1,0,0.6990363153008241,30,9
610,1,1,0.6984310424518164,30,10
611,1,1,0.6995282320620607,30,11
612,1,0,0.6998583508177677,30,12
613,1,1,0.6997687699458324,30,13
614,1,1,0.6999305847032019,30,14
615,1,0,0.6999791499826616,30,15
616,1,0,0.6999659684705474,30,16
617,1,1,0.699944442600718,30,17
618,1,1,0.6999833080938449,30,18
619,1,0,0.699994968944204,30,19
620,1,0,0.42,31,0
621,1,0,0.4634482988817883,31,1
622,1,1,0.4839717404915881,31,2
623,1,1,0.6062632349264827,31,3
624,1,0,0.667531045262208,31,4
625,1,0,0.6521465581568725,31,5
626,1,1,0.6325917745267677,31,6
627,1,0,0.6776226286246012,31,7
628,1,1,0.6659873542426786,31,8
629,1,1,0.6892750657910542,31,9
630,1,1,0.6967324335487012,31,10
631,1,1,0.6990151094795232,31,11
632,1,1,0.6997040932029579,31,12
633,1,1,0.6999111670623931,31,13
634,1,1,0.6999733233738324,31,14
635,1,1,0.6999919733428961,31,15
636,1,1,0.6999975686104709,31,16
637,1,1,0.6999992472156614,31,17
638,1,1,0.6999997507994614,31,18
639,1,1,0.6999999018748032,31,19
640,1,0,0.42,32,0
641,1,1,0.4634482988817883,32,1
642,1,1,0.5928124921768922,32,2
643,1,0,0.6620294959694755,32,3
644,1,0,0.6449492100118428,32,4
645,1,0,0.6240252806382064,32,5
646,1,0,0.6009837409921266,32,6
647,1,1,0.5784060449423434,32,7
648,1,0,0.6558532576059126,32,8
649,1,1,0.6371433819459806,32,9
650,1,1,0.6792826794693639,32,10
651,1,0,0.6935952248971192,32,11
652,1,1,0.689757555190044,32,12
653,1,1,0.6968816154153481,32,13
654,1,0,0.6990602751327526,32,14
655,1,1,0.6984699297332179,32,15
656,1,1,0.6995399500657111,32,16
657,1,1,0.6998618709027954,32,17
658,1,1,0.6999585297311683,32,18
659,1,1,0.6999875348184277,32,19
660,1,1,0.42,33,0
661,1,1,0.5599999999999999,33,1
662,1,1,0.6474999791383793,33,2
663,1,1,0.6829729436539385,33,3
664,1,1,0.6947645108059247,33,4
665,1,1,0.6984174942105312,33,5
666,1,1,0.6995241492294658,33,6
667,1,1,0.6998571243082916,33,7
668,1,0,0.6999571051811454,33,8
669,1,0,0.6999299696028922,33,9
670,1,1,0.6998856648271218,33,10
671,1,1,0.6999656704829627,33,11
672,1,1,0.6999896772757522,33,12
673,1,0,0.6999968797723366,33,13
674,1,1,0.699994924819803,33,14
675,1,1,0.6999984540700316,33,15
676,1,1,0.6999995128550137,33,16
677,1,0,0.6999998304914006,33,17
678,1,1,0.6999997442758308,33,18
679,1,1,0.6999998999177129,33,19
680,1,1,0.42,34,0
681,1,1,0.5599999999999999,34,1
682,1,0,0.6474999791383793,34,2
683,1,0,0.6270212606166309,34,3
684,1,1,0.6041243477229475,34,4
685,1,1,0.6666725900739153,34,5
686,1,0,0.6895019366855972,34,6
687,1,0,0.6834329222889707,34,7
688,1,0,0.674356578382041,34,8
689,1,1,0.6614140150707982,34,9
690,1,1,0.6877488661838974,34,10
691,1,1,0.6962591665933152,34,11
692,1,1,0.6988716971393846,34,12
693,1,0,0.6996609393278856,34,13
694,1,1,0.6994468471174993,34,14
695,1,0,0.6998338995488649,34,15
696,1,1,0.699728873801594,34,16
697,1,1,0.6999186072669742,34,17
698,1,1,0.6999755559778847,34,18
699,1,1,0.6999926431729643,34,19
700,1,1,0.42,35,0
701,1,0,0.5599999999999999,35,1
702,1,0,0.5440909128839311,35,2
703,1,0,0.5324327084668715,35,3
704,1,1,0.5243932532597643,35,4
705,1,1,0.6296760061705291,35,5
706,1,1,0.6765465855804339,35,6
707,1,1,0.6927200395309575,35,7
708,1,1,0.6977930366469315,35,8
709,1,1,0.6993357936525174,35,9
710,1,1,0.6998005254972612,35,10
711,1,1,0.699940117232117,35,11
712,1,0,0.6999820102693669,35,12
713,1,1,0.6999706396684259,35,13
714,1,1,0.6999911681668955,35,14
715,1,1,0.699997327051876,35,15
716,1,1,0.6999991747475616,35,16
717,1,0,0.6999997290589843,35,17
718,1,1,0.6999995786030908,35,18
719,1,1,0.6999998502158475,35,19
720,1,0,0.42,36,0
721,1,1,0.4634482988817883,36,1
722,1,1,0.5928124921768922,36,2
723,1,1,0.6620294959694755,36,3
724,1,1,0.6879554903670095,36,4
725,1,1,0.6963233626307737,36,5
726,1,1,0.6988911616560274,36,6
727,1,0,0.6996667973892401,36,7
728,1,0,0.6994563938813864,36,8
729,1,0,0.6991137369141237,36,9
730,1,1,0.6985567215892687,36,10
731,1,1,0.6995660985716844,36,11
732,1,1,0.6998697254815147,36,12
733,1,0,0.6999608870083327,36,13
734,1,1,0.6999361449004814,36,14
735,1,1,0.6999808183593074,36,15
736,1,1,0.6999942219856344,36,16
737,1,0,0.6999982432165317,36,17
738,1,1,0.699997151742948,36,18
739,1,0,0.6999991221544734,36,19
740,1,1,0.42,37,0
741,1,1,0.5599999999999999,37,1
742,1,1,0.6474999791383793,37,2
743,1,0,0.6829729436539385,37,3
744,1,0,0.6736828373460272,37,4
745,1,0,0.6604819887401465,37,5
746,1,0,0.6429667316059909,37,6
747,1,1,0.6217263457020561,37,7
748,1,0,0.6735615502383663,37,8
749,1,1,0.6603146136501566,37,9
750,1,1,0.6873788256534139,37,10
751,1,1,0.6961441023042911,37,11
752,1,1,0.6988368001646942,37,12
753,1,1,0.6996504358807788,37,13
754,1,1,0.6998950550137315,37,14
755,1,0,0.6999684884213481,37,15
756,1,0,0.6999485576221879,37,16
757,1,0,0.6999160129759288,37,17
758,1,0,0.6998628806966786,37,18
759,1,1,0.6997761618793084,37,19
760,1,0,0.42,38,0
761,1,0,0.4634482988817883,38,1
762,1,1,0.4839717404915881,38,2
763,1,1,0.6062632349264827,38,3
764,1,1,0.667531045262208,38,4
765,1,1,0.6897855005348429,38,5
766,1,1,0.696890249498779,38,6
767,1,0,0.6990628885583431,38,7
768,1,1,0.6984741717492173,38,8
769,1,1,0.6995412282442781,38,9
770,1,1,0.6998622548601467,38,10
771,1,1,0.6999586449637722,38,11
772,1,1,0.6999875693922961,38,12
773,1,0,0.6999962473868045,38,13
774,1,1,0.6999938919468671,38,14
775,1,0,0.6999981442032296,38,15
776,1,1,0.6999969900231328,38,16
777,1,1,0.6999990736381274,38,17
778,1,1,0.6999996987260813,38,18
779,1,0,0.6999998862527782,38,19
780,1,1,0.42,39,0
781,1,0,0.5599999999999999,39,1
782,1,1,0.5440909128839311,39,2
783,1,1,0.6398245423718547,39,3
784,1,1,0.6802494914838378,39,4
785,1,1,0.6939027924874901,39,5
786,1,1,0.6981547420120289,39,6
787,1,1,0.6994449361584314,39,7
788,1,1,0.6998333253525102,39,8
789,1,1,0.6999499623367673,39,9
790,1,1,0.6999849642643259,39,10
791,1,0,0.6999954658178216,39,11
792,1,1,0.6999926154191719,39,12
793,1,1,0.6999977612375761,39,13
794,1,0,0.6999993050041731,39,14
795,1,0,0.6999988859823083,39,15
796,1,0,0.6999982015839032,39,16
797,1,1,0.6999970837437791,39,17
798,1,0,0.6999991017545566,39,18
799,1,0,0.6999985540096236,39,19
800,1,1,0.42,40,0
801,1,1,0.5599999999999999,40,1
802,1,1,0.6474999791383793,40,2
803,1,0,0.6829729436539385,40,3
804,1,1,0.6736828373460272,40,4
805,1,1,0.6917964075887146,40,5
806,1,0,0.6975097147211121,40,6
807,1,1,0.6959660401689549,40,7
808,1,1,0.6987827743064603,40,8
809,1,1,0.6996341728677057,40,9
810,1,1,0.6998901711202705,40,10
811,1,1,0.6999670228038033,40,11
812,1,1,0.6999900830109774,40,12
813,1,1,0.699997001496412,40,13
814,1,1,0.6999990770801403,40,14
815,1,1,0.6999996997586878,40,15
816,1,1,0.6999998865625606,40,16
817,1,1,0.6999999426037502,40,17
818,1,0,0.6999999594161095,40,18
819,1,0,0.6999999548527548,40,19
820,1,0,0.42,41,0
821,1,0,0.4634482988817883,41,1
822,1,0,0.4839717404915881,41,2
823,1,1,0.49486812522551304,41,3
824,1,1,0.6129511432095985,41,4
825,1,1,0.6701766230442127,41,5
826,1,1,0.6906548153726476,41,6
827,1,1,0.6971584868690835,41,7
828,1,1,0.6991440483026352,41,8
829,1,0,0.6997428767715402,41,9
830,1,1,0.699580412743522,41,10
831,1,1,0.6998740249732993,41,11
832,1,0,0.6999621773280501,41,12
833,1,1,0.6999382518827807,41,13
834,1,1,0.6999814505673707,41,14
835,1,1,0.6999944116582587,41,15
836,1,1,0.6999983001192377,41,16
837,1,1,0.6999994666695657,41,17
838,1,1,0.6999998166357473,41,18
839,1,0,0.6999999216256995,41,19
840,1,0,0.42,42,0
841,1,0,0.4634482988817883,42,1
842,1,0,0.4839717404915881,42,2
843,1,1,0.49486812522551304,42,3
844,1,0,0.6129511432095985,42,4
845,1,1,0.5897970190742821,42,5
846,1,0,0.6607616897944663,42,6
847,1,0,0.6433237115277186,42,7
848,1,1,0.6221384225819948,42,8
849,1,1,0.6737181565524301,42,9
850,1,0,0.6918078467583785,42,10
851,1,1,0.6869751731606637,42,11
852,1,1,0.69601844499867,42,12
853,1,1,0.6987986773339955,42,13
854,1,1,0.6996389603021441,42,14
855,1,1,0.6998916088429822,42,15
856,1,0,0.699967454255067,42,16
857,1,1,0.6999468688441677,42,17
858,1,1,0.6999840360798399,42,18
859,1,1,0.6999951873501704,42,19
860,1,1,0.42,43,0
861,1,0,0.5599999999999999,43,1
862,1,0,0.5440909128839311,43,2
863,1,0,0.5324327084668715,43,3
864,1,1,0.5243932532597643,43,4
865,1,1,0.6296760061705291,43,5
866,1,0,0.6765465855804339,43,6
867,1,1,0.664470405995328,43,7
868,1,1,0.6887711633752838,43,8
869,1,1,0.6965764078228324,43,9
870,1,0,0.6989678511118684,43,10
871,1,1,0.6983199578342898,43,11
872,1,1,0.6994947514622588,43,12
873,1,0,0.6998482926050473,43,13
874,1,0,0.699752357580908,43,14
875,1,1,0.6995958720469045,43,15
876,1,0,0.6998786682261487,43,16
877,1,1,0.6998019259825431,43,17
878,1,1,0.699940537616375,43,18
879,1,0,0.6999821364061368,43,19
880,1,1,0.42,44,0
881,1,1,0.5599999999999999,44,1
882,1,0,0.6474999791383793,44,2
883,1,1,0.6270212606166309,44,3
884,1,1,0.6755581672231327,44,4
885,1,1,0.6924021343201466,44,5
886,1,1,0.6976956052807399,44,6
887,1,0,0.6993063749531959,44,7
888,1,0,0.6988697133448042,44,8
889,1,1,0.6981608152939874,44,9
890,1,1,0.699446767770834,44,10
891,1,0,0.6998338757071997,44,11
892,1,1,0.6997288349032872,44,12
893,1,1,0.6999185955884377,44,13
894,1,0,0.6999755524735091,44,14
895,1,1,0.6999600934247414,44,15
896,1,0,0.6999880039809946,44,16
897,1,0,0.6999804284211617,44,17
898,1,0,0.6999680563059072,44,18
899,1,1,0.6999478519827407,44,19
900,1,0,0.42,45,0
901,1,1,0.4634482988817883,45,1
902,1,1,0.5928124921768922,45,2
903,1,0,0.6620294959694755,45,3
904,1,1,0.6449492100118428,45,4
905,1,1,0.6820750535499505,45,5
906,1,0,0.6944811728100951,45,6
907,1,1,0.691148763321728,45,7
908,1,1,0.6973105997188211,45,8
909,1,0,0.6991900448688105,45,9
910,1,1,0.6986806562203225,45,10
911,1,1,0.6996034261294812,45,11
912,1,1,0.699880937045175,45,12
913,1,0,0.6999642516754861,45,13
914,1,1,0.6999416391536121,45,14
915,1,1,0.6999824669229063,45,15
916,1,1,0.6999947165806079,45,16
917,1,1,0.6999983915973543,45,17
918,1,1,0.699999494113128,45,18
919,1,1,0.6999998248688274,45,19
920,1,0,0.42,46,0
921,1,1,0.4634482988817883,46,1
922,1,0,0.5928124921768922,46,2
923,1,0,0.5710130441893277,46,3
924,1,1,0.5526677656710705,46,4
925,1,1,0.6440173958632447,46,5
926,1,1,0.6817452741720043,46,6
927,1,0,0.694376920307204,46,7
928,1,0,0.6909846364128318,46,8
929,1,0,0.6857045212514533,46,9
930,1,0,0.6777127580140068,46,10
931,1,1,0.6661148736176861,46,11
932,1,1,0.689317320816087,46,12
933,1,1,0.6967455068087319,46,13
934,1,0,0.6990190682560736,46,14
935,1,0,0.6984030539892424,46,15
936,1,0,0.6974054865189957,46,16
937,1,1,0.6957986499048809,46,17
938,1,1,0.6987319611868794,46,18
939,1,1,0.6996188746670707,46,19
940,1,1,0.42,47,0
941,1,0,0.5599999999999999,47,1
942,1,0,0.5440909128839311,47,2
943,1,1,0.5324327084668715,47,3
944,1,1,0.6339087515490518,47,4
945,1,1,0.6781054041225141,47,5
946,1,1,0.6932195193548203,47,6
947,1,0,0.6979459363741508,47,7
948,1,1,0.6966678646835521,47,8
949,1,0,0.6989955548928144,47,9
950,1,1,0.6983649017272,47,10
951,1,1,0.6995082987115295,47,11
952,1,0,0.6998523625738854,47,12
953,1,1,0.6997589985700154,47,13
954,1,1,0.6999276513121561,47,14
955,1,0,0.6999782697871836,47,15
956,1,1,0.6999645310216436,47,16
957,1,0,0.6999893354033012,47,17
958,1,1,0.6999826029138254,47,18
959,1,0,0.6999947573799157,47,19
960,1,0,0.42,48,0
961,1,1,0.4634482988817883,48,1
962,1,1,0.5928124921768922,48,2
963,1,1,0.6620294959694755,48,3
964,1,0,0.6879554903670095,48,4
965,1,0,0.6810866585533247,48,5
966,1,0,0.6709402799044654,48,6
967,1,0,0.6567274335026906,48,7
968,1,1,0.6382311428874947,48,8
969,1,1,0.6796758994717589,48,9
970,1,0,0.6937204237899349,48,10
971,1,1,0.6899536672703807,48,11
972,1,1,0.6969421920648602,48,12
973,1,0,0.6990786095359784,48,13
974,1,0,0.6984996910148396,48,14
975,1,1,0.697561709990076,48,15
976,1,1,0.6992659328274469,48,16
977,1,0,0.6997795253240755,48,17
978,1,0,0.6996401768775549,48,18
979,1,0,0.6994130139717609,48,19
980,1,1,0.42,49,0
981,1,0,0.5599999999999999,49,1
982,1,0,0.5440909128839311,49,2
983,1,1,0.5324327084668715,49,3
984,1,1,0.6339087515490518,49,4
985,1,0,0.6781054041225141,49,5
986,1,0,0.6666712413170891,49,6
987,1,1,0.6510060642960334,49,7
988,1,1,0.6841956297500769,49,8
989,1,0,0.6951491455184481,49,9
990,1,0,0.6922030306550453,49,10
991,1,1,0.6875875669058331,49,11
992,1,1,0.6962090257283321,49,12
993,1,0,0.6988564917151763,49,13
994,1,1,0.698139382712955,49,14
995,1,1,0.6994403038778098,49,15
996,1,1,0.6998319334527181,49,16
997,1,0,0.6999495445671152,49,17
998,1,0,0.6999176244389401,49,18
999,1,1,0.6998655112945367,49,19
1000,1,0,0.42,50,0
1001,1,0,0.4634482988817883,50,1
1002,1,0,0.4839717404915881,50,2
1003,1,0,0.49486812522551304,50,3
1004,1,0,0.5010131193968772,50,4
1005,1,0,0.5045969286214829,50,5
1006,1,0,0.5067280803559819,50,6
1007,1,1,0.5080100761367903,50,7
1008,1,1,0.6206356392597918,50,8
1009,1,1,0.6731460328421633,50,9
1010,1,1,0.6916223998045357,50,10
1011,1,0,0.6974562535314095,50,11
1012,1,1,0.6958801672083899,50,12
1013,1,1,0.698756709696975,50,13
1014,1,0,0.6996263259276623,50,14
1015,1,1,0.6993904459608797,50,15
1016,1,1,0.6998169510635482,50,16
1017,1,1,0.6999450475954228,50,17
1018,1,1,0.699983489620896,50,18
1019,1,1,0.699995023404897,50,19
1020,1,0,0.42,51,0
1021,1,0,0.4634482988817883,51,1
1022,1,0,0.4839717404915881,51,2
1023,1,1,0.49486812522551304,51,3
1024,1,1,0.6129511432095985,51,4
1025,1,0,0.6701766230442127,51,5
1026,1,1,0.6556931025914394,51,6
1027,1,0,0.6858097287101499,51,7
1028,1,0,0.6778693729152865,51,8
1029,1,1,0.6663366296076222,51,9
1030,1,1,0.689390763720335,51,10
1031,1,0,0.696768225456925,51,11
1032,1,0,0.69477771264334,51,12
1033,1,1,0.6916162252478231,51,13
1034,1,1,0.697454356000515,51,14
1035,1,1,0.6992334960980392,51,15
1036,1,0,0.6997697734124658,51,16
1037,1,1,0.6996242726542049,51,17
1038,1,0,0.6998871979076239,51,18
1039,1,1,0.6998158469320465,51,19
1040,1,0,0.42,52,0
1041,1,1,0.4634482988817883,52,1
1042,1,1,0.5928124921768922,52,2
1043,1,0,0.6620294959694755,52,3
1044,1,0,0.6449492100118428,52,4
1045,1,1,0.6240252806382064,52,5
1046,1,0,0.6744325991425226,52,6
1047,1,1,0.6615194213287382,52,7
1048,1,0,0.6877842795905423,52,8
1049,1,1,0.6808283271493146,52,9
1050,1,0,0.694086516845244,52,10
1051,1,1,0.6905280379465293,52,11
1052,1,0,0.6971194102605157,52,12
1053,1,1,0.6953398041118188,52,13
1054,1,0,0.6985925481537562,52,14
1055,1,1,0.697711917269844,52,15
1056,1,1,0.6993113008134653,52,16
1057,1,1,0.6997931634242747,52,17
1058,1,0,0.6999379073278909,52,18
1059,1,1,0.6998986240728257,52,19
1060,1,1,0.42,53,0
1061,1,0,0.5599999999999999,53,1
1062,1,1,0.5440909128839311,53,2
1063,1,0,0.6398245423718547,53,3
1064,1,1,0.6181344235483434,53,4
1065,1,0,0.6721876283905615,53,5
1066,1,1,0.6584272621558118,53,6
1067,1,0,0.686740692395676,53,7
1068,1,1,0.6792598167212907,53,8
1069,1,0,0.693587941076116,53,9
1070,1,0,0.6897461507147833,53,10
1071,1,0,0.6838055815822643,53,11
1072,1,1,0.6749038581901946,53,12
1073,1,1,0.6921911765357145,53,13
1074,1,1,0.6976309016883097,53,14
1075,1,0,0.6992868336289523,53,15
1076,1,1,0.698837944987606,53,16
1077,1,1,0.6996507804713277,53,17
1078,1,1,0.6998951584941614,53,18
1079,1,0,0.6999685194747798,53,19
1080,1,1,0.42,54,0
1081,1,1,0.5599999999999999,54,1
1082,1,0,0.6474999791383793,54,2
1083,1,1,0.6270212606166309,54,3
1084,1,1,0.6755581672231327,54,4
1085,1,0,0.6924021343201466,54,5
1086,1,1,0.6878967025059214,54,6
1087,1,1,0.6963051017640445,54,7
1088,1,1,0.698885625247393,54,8
1089,1,1,0.6996651311790945,54,9
1090,1,1,0.6998994679165182,54,10
1091,1,1,0.6999698126807506,54,11
1092,1,0,0.6999909200495102,54,12
1093,1,0,0.6999851909995378,54,13
1094,1,0,0.6999758342942549,54,14
1095,1,0,0.6999605536574812,54,15
1096,1,0,0.6999356005698529,54,16
1097,1,0,0.6998948579553071,54,17
1098,1,1,0.6998283492616972,54,18
1099,1,1,0.6999484687878879,54,19
1100,1,1,0.42,55,0
1101,1,0,0.5599999999999999,55,1
1102,1,1,0.5440909128839311,55,2
1103,1,0,0.6398245423718547,55,3
1104,1,1,0.6181344235483434,55,4
1105,1,1,0.6721876283905615,55,5
1106,1,1,0.6913110372966381,55,6
1107,1,1,0.6973605250717626,55,7
1108,1,1,0.6992051371473149,55,8
1109,1,1,0.6997612467196659,55,9
1110,1,1,0.6999283262194649,55,10
1111,1,0,0.6999784723010212,55,11
1112,1,1,0.6999648617466289,55,12
1113,1,1,0.6999894346307959,55,13
1114,1,1,0.6999968069766844,55,14
1115,1,1,0.6999990187237116,55,15
1116,1,1,0.699999682251713,55,16
1117,1,1,0.6999998813104641,55,17
1118,1,0,0.6999999410281208,55,18
1119,1,1,0.6999999248190433,55,19
1120,1,0,0.42,56,0
1121,1,0,0.4634482988817883,56,1
1122,1,0,0.4839717404915881,56,2
1123,1,0,0.49486812522551304,56,3
1124,1,0,0.5010131193968772,56,4
1125,1,0,0.5045969286214829,56,5
1126,1,1,0.5067280803559819,56,6
1127,1,1,0.6199035624424002,56,7
1128,1,0,0.6728663195363762,56,8
1129,1,1,0.659357596363214,56,9
1130,1,1,0.6870557046690711,56,10
1131,1,1,0.69604352630417,56,11
1132,1,1,0.6988062877830817,56,12
1133,1,1,0.6996412512684409,56,13
1134,1,1,0.6998922968400701,56,14
1135,1,1,0.6999676607179053,56,15
1136,1,1,0.6999902744030477,56,16
1137,1,1,0.6999970589156391,56,17
1138,1,0,0.6999990943060528,56,18
1139,1,1,0.6999985418438048,56,19
1140,1,1,0.42,57,0
1141,1,1,0.5599999999999999,57,1
1142,1,0,0.6474999791383793,57,2
1143,1,0,0.6270212606166309,57,3
1144,1,0,0.6041243477229475,57,4
1145,1,1,0.5813287267043937,57,5
1146,1,1,0.6571310027808337,57,6
1147,1,0,0.6863002902232929,57,7
1148,1,0,0.678601024033203,57,8
1149,1,1,0.6673754607119164,57,9
1150,1,1,0.6897341621657308,57,10
1151,1,0,0.6968743872935025,57,11
1152,1,0,0.6949474934177141,57,12
1153,1,1,0.691884274806051,57,13
1154,1,1,0.6975367003414377,57,14
1155,1,0,0.6992583771190585,57,15
1156,1,1,0.6987916905843666,57,16
1157,1,1,0.6996368570435713,57,17
1158,1,1,0.6998909772121878,57,18
1159,1,1,0.6999672647069796,57,19
1160,1,0,0.42,58,0
1161,1,1,0.4634482988817883,58,1
1162,1,1,0.5928124921768922,58,2
1163,1,0,0.6620294959694755,58,3
1164,1,1,0.6449492100118428,58,4
1165,1,1,0.6820750535499505,58,5
1166,1,1,0.6944811728100951,58,6
1167,1,1,0.6983311717105529,58,7
1168,1,1,0.6994981317772455,58,8
1169,1,1,0.6998493081600391,58,9
1170,1,1,0.6999547593531976,58,10
1171,1,1,0.699986403565017,58,11
1172,1,1,0.69999589762565,58,12
1173,1,1,0.6999987459155839,58,13
1174,1,1,0.6999996004090214,58,14
1175,1,1,0.6999998567576337,58,15
1176,1,1,0.6999999336622698,58,16
1177,1,0,0.6999999567336653,58,17
1178,1,1,0.6999999504714292,58,18
1179,1,0,0.6999999617764133,58,19
1180,1,0,0.42,59,0
1181,1,0,0.4634482988817883,59,1
1182,1,0,0.4839717404915881,59,2
1183,1,0,0.49486812522551304,59,3
1184,1,1,0.5010131193968772,59,4
1185,1,1,0.6165944878578296,59,5
1186,1,0,0.6715936955599974,59,6
1187,1,1,0.6576162676498339,59,7
1188,1,0,0.6864653615532553,59,8
1189,1,1,0.678847735550465,59,9
1190,1,0,0.6934565724155094,59,10
1191,1,1,0.6895405562893779,59,11
1192,1,1,0.696814546922289,59,12
1193,1,1,0.6990399721602477,59,13
1194,1,0,0.699711572773684,59,14
1195,1,1,0.6995293757219682,59,15
1196,1,1,0.699858694378078,59,16
1197,1,1,0.6999575763933166,59,17
1198,1,1,0.6999872487828196,59,18
1199,1,1,0.6999961512005107,59,19
1200,1,1,0.42,60,0
1201,1,1,0.5599999999999999,60,1
1202,1,1,0.6474999791383793,60,2
1203,1,1,0.6829729436539385,60,3
1204,1,1,0.6947645108059247,60,4
1205,1,0,0.6984174942105312,60,5
1206,1,0,0.6974288242265578,60,6
1207,1,1,0.6958361201919298,60,7
1208,1,1,0.6987433378202862,60,8
1209,1,0,0.6996222999998318,60,9
1210,1,1,0.6993838867157415,60,10
1211,1,1,0.6998149798401846,60,11
1212,1,0,0.6999444559173988,60,12
1213,1,1,0.6999093159118133,60,13
1214,1,1,0.6999727678862642,60,14
1215,1,0,0.6999918066838069,60,15
1216,1,0,0.699986639085833,60,16
1217,1,1,0.6999781992803195,60,17
1218,1,1,0.6999934362160097,60,18
1219,1,1,0.6999980074815105,60,19
1220,1,0,0.42,61,0
1221,1,1,0.4634482988817883,61,1
1222,1,1,0.5928124921768922,61,2
1223,1,1,0.6620294959694755,61,3
1224,1,1,0.6879554903670095,61,4
1225,1,1,0.6963233626307737,61,5
1226,1,0,0.6988911616560274,61,6
1227,1,1,0.6981955875278716,61,7
1228,1,1,0.6994572539510181,61,8
1229,1,1,0.6998370264921562,61,9
1230,1,0,0.6999510732016289,61,10
1231,1,0,0.6999201203822912,61,11
1232,1,0,0.6998695857989206,61,12
1233,1,1,0.6997871037888049,61,13
1234,1,1,0.6999360883468925,61,14
1235,1,1,0.699980801390135,61,15
1236,1,1,0.699994216894604,61,16
1237,1,1,0.6999982416891976,61,17
1238,1,1,0.6999994491404689,61,18
1239,1,1,0.6999998113770107,61,19
1240,1,1,0.42,62,0
1241,1,0,0.5599999999999999,62,1
1242,1,1,0.5440909128839311,62,2
1243,1,0,0.6398245423718547,62,3
1244,1,1,0.6181344235483434,62,4
1245,1,1,0.6721876283905615,62,5
1246,1,1,0.6913110372966381,62,6
1247,1,1,0.6973605250717626,62,7
1248,1,1,0.6992051371473149,62,8
1249,1,1,0.6997612467196659,62,9
1250,1,1,0.6999283262194649,62,10
1251,1,1,0.6999784723010212,62,11
1252,1,1,0.6999935181272824,62,12
1253,1,1,0.699998032055348,62,13
1254,1,1,0.6999993862499853,62,14
1255,1,1,0.6999997925098359,62,15
1256,1,1,0.6999999143879226,62,16
1257,1,0,0.6999999509513605,62,17
1258,1,0,0.6999999410269987,62,18
1259,1,1,0.6999999248172104,62,19
1260,1,0,0.42,63,0
1261,1,0,0.4634482988817883,63,1
1262,1,0,0.4839717404915881,63,2
1263,1,0,0.49486812522551304,63,3
1264,1,1,0.5010131193968772,63,4
1265,1,1,0.6165944878578296,63,5
1266,1,0,0.6715936955599974,63,6
1267,1,0,0.6576162676498339,63,7
1268,1,0,0.6393428385352621,63,8
1269,1,0,0.6175893076996557,63,9
1270,1,1,0.5944034832212497,63,10
1271,1,0,0.6626932182022139,63,11
1272,1,0,0.6458050644173062,63,12
1273,1,1,0.6250257054278923,63,13
1274,1,0,0.6748096515297654,63,14
1275,1,1,0.6620429500864519,63,15
1276,1,1,0.6879600027816285,63,16
1277,1,1,0.696324764161951,63,17
1278,1,1,0.6988915865663191,63,18
1279,1,1,0.6996669252670481,63,19
1280,1,0,0.42,64,0
1281,1,0,0.4634482988817883,64,1
1282,1,1,0.4839717404915881,64,2
1283,1,0,0.6062632349264827,64,3
1284,1,1,0.5833458873188734,64,4
1285,1,1,0.6580054022431798,64,5
1286,1,0,0.686597556586172,64,6
1287,1,1,0.6790454983722019,64,7
1288,1,1,0.6935196377495525,64,8
1289,1,1,0.6980377020703417,64,9
1290,1,1,0.6994096324101268,64,10
1291,1,0,0.6998227168771473,64,11
1292,1,1,0.6997106296555007,64,12
1293,1,1,0.6999131296385562,64,13
1294,1,1,0.6999739122944377,64,14
1295,1,1,0.6999921500323789,64,15
1296,1,0,0.6999976216185129,64,16
1297,1,1,0.6999961364799522,64,17
1298,1,0,0.6999988175726835,64,18
1299,1,1,0.6999980898490132,64,19
1300,1,1,0.42,65,0
1301,1,0,0.5599999999999999,65,1
1302,1,0,0.5440909128839311,65,2
1303,1,1,0.5324327084668715,65,3
1304,1,1,0.6339087515490518,65,4
1305,1,1,0.6781054041225141,65,5
1306,1,0,0.6932195193548203,65,6
1307,1,1,0.6891700093254883,65,7
1308,1,1,0.6966999232362645,65,8
1309,1,0,0.6990052642318305,65,9
1310,1,1,0.6983806551629694,65,10
1311,1,1,0.6995130467909488,65,11
1312,1,1,0.699853788991121,65,12
1313,1,1,0.6999561041727348,65,13
1314,1,0,0.6999868070622185,65,14
1315,1,1,0.6999784736175276,65,15
1316,1,1,0.6999935185222588,65,16
1317,1,1,0.699998032173843,65,17
1318,1,0,0.6999993862855339,65,18
1319,1,0,0.6999990187413145,65,19
1320,1,1,0.42,66,0
1321,1,1,0.5599999999999999,66,1
1322,1,0,0.6474999791383793,66,2
1323,1,0,0.6270212606166309,66,3
1324,1,1,0.6041243477229475,66,4
1325,1,1,0.6666725900739153,66,5
1326,1,1,0.6895019366855972,66,6
1327,1,1,0.6968026062218164,66,7
1328,1,1,0.6990363570618426,66,8
1329,1,1,0.6997104852577148,66,9
1330,1,0,0.6999130862833782,66,10
1331,1,1,0.6998581031531231,66,11
1332,1,0,0.6999573989540668,66,12
1333,1,1,0.6999304492953886,66,13
1334,1,1,0.6999791093522558,66,14
1335,1,1,0.6999937092542162,66,15
1336,1,0,0.699998089394469,66,16
1337,1,1,0.6999969005032607,66,17
1338,1,1,0.6999990467819338,66,18
1339,1,1,0.6999996906692022,66,19
1340,1,0,0.42,67,0
1341,1,1,0.4634482988817883,67,1
1342,1,1,0.5928124921768922,67,2
1343,1,0,0.6620294959694755,67,3
1344,1,1,0.6449492100118428,67,4
1345,1,0,0.6820750535499505,67,5
1346,1,1,0.6723732946437587,67,6
1347,1,1,0.6913714251097974,67,7
1348,1,1,0.6973790980556269,67,8
1349,1,1,0.6992107511509426,67,9
1350,1,1,0.6997629347384481,67,10
1351,1,1,0.6999288329694514,67,11
1352,1,1,0.6999786243570294,67,12
1353,1,1,0.6999935637468765,67,13
1354,1,1,0.6999980457414774,67,14
1355,1,0,0.6999993903558466,67,15
1356,1,0,0.6999990253894663,67,16
1357,1,1,0.6999984292807273,67,17
1358,1,1,0.6999995054181901,67,18
1359,1,1,0.6999998282603507,67,19
1360,1,0,0.42,68,0
1361,1,1,0.4634482988817883,68,1
1362,1,0,0.5928124921768922,68,2
1363,1,1,0.5710130441893277,68,3
1364,1,1,0.6525627778184152,68,4
1365,1,1,0.6847342946426306,68,5
1366,1,1,0.695318163765331,68,6
1367,1,0,0.6985859685333478,68,7
1368,1,1,0.6977012709179257,68,8
1369,1,1,0.6993080858765415,68,9
1370,1,1,0.6997921970382212,68,10
1371,1,1,0.6999376172402967,68,11
1372,1,1,0.6999812601408771,68,12
1373,1,1,0.6999943545272729,68,13
1374,1,1,0.6999982829796683,68,14
1375,1,1,0.6999994615276705,68,15
1376,1,1,0.6999998150931764,68,16
1377,1,1,0.699999921162928,68,17
1378,1,0,0.6999999529838622,68,18
1379,1,1,0.6999999443467515,68,19
1380,1,0,0.42,69,0
1381,1,1,0.4634482988817883,69,1
1382,1,0,0.5928124921768922,69,2
1383,1,1,0.5710130441893277,69,3
1384,1,0,0.6525627778184152,69,4
1385,1,0,0.6330980272035416,69,5
1386,1,0,0.6106519818666608,69,6
1387,1,1,0.5875542577729068,69,7
1388,1,1,0.6598103189730903,69,8
1389,1,1,0.6872086757624031,69,9
1390,1,1,0.6960911525208563,69,10
1391,1,1,0.6988207375507873,69,11
1392,1,1,0.6996456009310448,69,12
1393,1,1,0.6998936030691517,69,13
1394,1,1,0.6999680527064758,69,14
1395,1,1,0.6999903920104084,69,15
1396,1,0,0.6999970941988182,69,16
1397,1,0,0.699995275042766,69,17
1398,1,1,0.6999923038294619,69,18
1399,1,1,0.699997667758658,69,19
1400,1,0,0.42,70,0
1401,1,0,0.4634482988817883,70,1
1402,1,0,0.4839717404915881,70,2
1403,1,1,0.49486812522551304,70,3
1404,1,1,0.6129511432095985,70,4
1405,1,0,0.6701766230442127,70,5
1406,1,1,0.6556931025914394,70,6
1407,1,0,0.6858097287101499,70,7
1408,1,1,0.6778693729152865,70,8
1409,1,0,0.6931440373357521,70,9
1410,1,0,0.6890521405849466,70,10
1411,1,1,0.6827480861975626,70,11
1412,1,1,0.6946936247847099,70,12
1413,1,1,0.6983959044932424,70,13
1414,1,0,0.6995176427291381,70,14
1415,1,1,0.6992134354735514,70,15
1416,1,1,0.6997637418510728,70,16
1417,1,1,0.699929075267024,70,17
1418,1,1,0.6999786970610515,70,18
1419,1,1,0.699993585559411,70,19
1420,1,0,0.42,71,0
1421,1,0,0.4634482988817883,71,1
1422,1,0,0.4839717404915881,71,2
1423,1,0,0.49486812522551304,71,3
1424,1,1,0.5010131193968772,71,4
1425,1,1,0.6165944878578296,71,5
1426,1,1,0.6715936955599974,71,6
1427,1,1,0.691117636834796,71,7
1428,1,0,0.6973010206368134,71,8
1429,1,0,0.6956309935966156,71,9
1430,1,1,0.6929664087868281,71,10
1431,1,1,0.6978684822392478,71,11
1432,1,1,0.6993585682626015,71,12
1433,1,0,0.6998073706412293,71,13
1434,1,1,0.6996855950095274,71,14
1435,1,1,0.6999056127632979,71,15
1436,1,0,0.6999716566480373,71,16
1437,1,0,0.6999537313613006,71,17
1438,1,1,0.6999244606666942,71,18
1439,1,1,0.6999773123913794,71,19
1440,1,0,0.42,72,0
1441,1,1,0.4634482988817883,72,1
1442,1,1,0.5928124921768922,72,2
1443,1,1,0.6620294959694755,72,3
1444,1,0,0.6879554903670095,72,4
1445,1,1,0.6810866585533247,72,5
1446,1,0,0.6941684113030563,72,6
1447,1,0,0.6906567119986882,72,7
1448,1,1,0.6852002428073288,72,8
1449,1,1,0.6954641511452937,72,9
1450,1,1,0.6986303472036693,72,10
1451,1,0,0.6995882752809592,72,11
1452,1,1,0.6993284589452129,72,12
1453,1,0,0.6997983208804127,72,13
1454,1,1,0.6996708331390521,72,14
1455,1,0,0.6999011801282,72,15
1456,1,1,0.6998386684627798,72,16
1457,1,0,0.6999515660210621,72,17
1458,1,1,0.69992092505971,72,18
1459,1,1,0.6999762514750653,72,19
1460,1,0,0.42,73,0
1461,1,0,0.4634482988817883,73,1
1462,1,1,0.4839717404915881,73,2
1463,1,0,0.6062632349264827,73,3
1464,1,0,0.5833458873188734,73,4
1465,1,0,0.5628106340740139,73,5
1466,1,1,0.5462387402730067,73,6
1467,1,1,0.6408868804441572,73,7
1468,1,1,0.6806303272942966,73,8
1469,1,1,0.6940237061997138,73,9
1470,1,1,0.6981916499608057,73,10
1471,1,0,0.6994560665606893,73,11
1472,1,0,0.6991132042230258,73,12
1473,1,0,0.6985558566464851,73,13
1474,1,0,0.6976525534078516,73,14
1475,1,0,0.6961956262426108,73,15
1476,1,0,0.6938640214347107,73,16
1477,1,1,0.6901787967314091,73,17
1478,1,0,0.6970116893895943,73,18
1479,1,1,0.6951672521232655,73,19
1480,1,0,0.42,74,0
1481,1,1,0.4634482988817883,74,1
1482,1,0,0.5928124921768922,74,2
1483,1,1,0.5710130441893277,74,3
1484,1,1,0.6525627778184152,74,4
1485,1,1,0.6847342946426306,74,5
1486,1,0,0.695318163765331,74,6
1487,1,1,0.6924705264987344,74,7
1488,1,1,0.6977165736203522,74,8
1489,1,1,0.6993127068861712,74,9
1490,1,0,0.6997935860764468,74,10
1491,1,1,0.6996631101334456,74,11
1492,1,1,0.6998988610206104,74,12
1493,1,0,0.6999696305595301,74,13
1494,1,1,0.699950422730231,74,14
1495,1,1,0.699985102402009,74,15
1496,1,1,0.6999955072608947,74,16
1497,1,1,0.6999986288047306,74,17
1498,1,0,0.6999995652756369,74,18
1499,1,1,0.6999993110908594,74,19
1500,1,1,0.42,75,0
1501,1,0,0.5599999999999999,75,1
1502,1,0,0.5440909128839311,75,2
1503,1,1,0.5324327084668715,75,3
1504,1,0,0.6339087515490518,75,4
1505,1,1,0.6115392424678793,75,5
1506,1,1,0.6696229271627393,75,6
1507,1,0,0.6904734438896318,75,7
1508,1,1,0.6849188806352431,75,8
1509,1,1,0.6953760206200319,75,9
1510,1,1,0.6986035586544592,75,10
1511,1,1,0.6995802068655984,75,11
1512,1,1,0.6998739631358001,75,12
1513,1,1,0.6999621587701218,75,13
1514,1,1,0.6999886236533737,75,14
1515,1,0,0.6999965636758546,75,15
1516,1,0,0.699994408540051,75,16
1517,1,1,0.699990888590047,75,17
1518,1,1,0.6999972431766796,75,18
1519,1,1,0.6999991495848098,75,19
1520,1,1,0.42,76,0
1521,1,1,0.5599999999999999,76,1
1522,1,1,0.6474999791383793,76,2
1523,1,1,0.6829729436539385,76,3
1524,1,1,0.6947645108059247,76,4
1525,1,1,0.6984174942105312,76,5
1526,1,1,0.6995241492294658,76,6
1527,1,1,0.6998571243082916,76,7
1528,1,1,0.6999571051811454,76,8
1529,1,1,0.6999871074019502,76,9
1530,1,0,0.6999961087847002,76,10
1531,1,0,0.699993665569147,76,11
1532,1,1,0.6999896751188737,76,12
1533,1,1,0.6999968791252539,76,13
1534,1,1,0.6999990403684756,76,14
1535,1,0,0.6999996887451597,76,15
1536,1,1,0.6999995127572903,76,16
1537,1,1,0.6999998304620836,76,17
1538,1,1,0.6999999257736018,76,18
1539,1,0,0.6999999543670646,76,19
1540,1,1,0.42,77,0
1541,1,1,0.5599999999999999,77,1
1542,1,1,0.6474999791383793,77,2
1543,1,1,0.6829729436539385,77,3
1544,1,1,0.6947645108059247,77,4
1545,1,0,0.6984174942105312,77,5
1546,1,0,0.6974288242265578,77,6
1547,1,1,0.6958361201919298,77,7
1548,1,0,0.6987433378202862,77,8
1549,1,0,0.6979560344616824,77,9
1550,1,1,0.6966841352140751,77,10
1551,1,0,0.6990004827408755,77,11
1552,1,1,0.6983728970505264,77,12
1553,1,1,0.6995107085256432,77,13
1554,1,1,0.6998530865322636,77,14
1555,1,1,0.6999558933468237,77,15
1556,1,1,0.6999867438064992,77,16
1557,1,1,0.6999959997020005,77,17
1558,1,0,0.6999987765388407,77,18
1559,1,0,0.6999980228275929,77,19
1560,1,0,0.42,78,0
1561,1,0,0.4634482988817883,78,1
1562,1,1,0.4839717404915881,78,2
1563,1,1,0.6062632349264827,78,3
1564,1,1,0.667531045262208,78,4
1565,1,1,0.6897855005348429,78,5
1566,1,1,0.696890249498779,78,6
1567,1,1,0.6990628885583431,78,7
1568,1,1,0.699718466362802,78,8
1569,1,1,0.699915482569128,78,9
1570,1,1,0.6999746183464012,78,10
1571,1,0,0.6999923618635228,78,11
1572,1,0,0.69998754583172,78,12
1573,1,1,0.6999796801714974,78,13
1574,1,0,0.6999938805100545,78,14
1575,1,1,0.6999900261745268,78,15
1576,1,1,0.699996984444994,78,16
1577,1,1,0.6999990719646715,78,17
1578,1,1,0.6999996982240432,78,18
1579,1,1,0.6999998861021669,78,19
1580,1,0,0.42,79,0
1581,1,0,0.4634482988817883,79,1
1582,1,0,0.4839717404915881,79,2
1583,1,0,0.49486812522551304,79,3
1584,1,0,0.5010131193968772,79,4
1585,1,0,0.5045969286214829,79,5
1586,1,1,0.5067280803559819,79,6
1587,1,1,0.6199035624424002,79,7
1588,1,1,0.6728663195363762,79,8
1589,1,0,0.691531619351619,79,9
1590,1,0,0.6865480511436503,79,10
1591,1,1,0.6789714190478122,79,11
1592,1,1,0.6934960186169925,79,12
1593,1,1,0.6980304830460486,79,13
1594,1,0,0.6994074544870924,79,14
1595,1,0,0.6990341044193971,79,15
1596,1,1,0.6984274544595289,79,16
1597,1,1,0.6995271508174445,79,17
1598,1,1,0.6998580260062438,79,18
1599,1,0,0.6999573758006168,79,19
1600,1,1,0.42,80,0
1601,1,0,0.5599999999999999,80,1
1602,1,1,0.5440909128839311,80,2
1603,1,1,0.6398245423718547,80,3
1604,1,1,0.6802494914838378,80,4
1605,1,1,0.6939027924874901,80,5
1606,1,1,0.6981547420120289,80,6
1607,1,1,0.6994449361584314,80,7
1608,1,0,0.6998333253525102,80,8
1609,1,1,0.6997279369867901,80,9
1610,1,1,0.6999183260043467,80,10
1611,1,0,0.6999754715794448,80,11
1612,1,1,0.699959961319308,80,12
1613,1,1,0.6999879643448417,80,13
1614,1,0,0.6999963658766983,80,14
1615,1,1,0.699994085475638,80,15
1616,1,1,0.6999982022628527,80,16
1617,1,1,0.6999994373125064,80,17
1618,1,1,0.6999998078286167,80,18
1619,1,1,0.6999999189835588,80,19
1620,1,1,0.42,81,0
1621,1,1,0.5599999999999999,81,1
1622,1,1,0.6474999791383793,81,2
1623,1,1,0.6829729436539385,81,3
1624,1,1,0.6947645108059247,81,4
1625,1,1,0.6984174942105312,81,5
1626,1,1,0.6995241492294658,81,6
1627,1,1,0.6998571243082916,81,7
1628,1,0,0.6999571051811454,81,8
1629,1,1,0.6999299696028922,81,9
1630,1,1,0.699978965415821,81,10
1631,1,1,0.6999936660707036,81,11
1632,1,0,0.6999980764391828,81,12
1633,1,0,0.6999968793432257,81,13
1634,1,1,0.699994924118936,81,14
1635,1,1,0.6999984538597683,81,15
1636,1,1,0.6999995127919344,81,16
1637,1,0,0.6999998304724769,81,17
1638,1,1,0.6999997442449221,81,18
1639,1,1,0.6999998999084401,81,19
1640,1,0,0.42,82,0
1641,1,1,0.4634482988817883,82,1
1642,1,1,0.5928124921768922,82,2
1643,1,1,0.6620294959694755,82,3
1644,1,1,0.6879554903670095,82,4
1645,1,0,0.6963233626307737,82,5
1646,1,1,0.6940675506020755,82,6
1647,1,0,0.6982050299389394,82,7
1648,1,1,0.6970856732842486,82,8
1649,1,1,0.6991220234996879,82,9
1650,1,1,0.6997362529339293,82,10
1651,1,1,0.6999208226989626,82,11
1652,1,1,0.6999762207599006,82,12
1653,1,0,0.6999928426212899,82,13
1654,1,1,0.6999883310308554,82,14
1655,1,0,0.6999964758862176,82,15
1656,1,1,0.699994265153605,82,16
1657,1,1,0.6999982561671346,82,17
1658,1,0,0.6999994534838714,82,18
1659,1,0,0.6999991284981989,82,19
1660,1,1,0.42,83,0
1661,1,1,0.5599999999999999,83,1
1662,1,1,0.6474999791383793,83,2
1663,1,1,0.6829729436539385,83,3
1664,1,1,0.6947645108059247,83,4
1665,1,1,0.6984174942105312,83,5
1666,1,1,0.6995241492294658,83,6
1667,1,0,0.6998571243082916,83,7
1668,1,0,0.6997667685451868,83,8
1669,1,0,0.6996193722765479,83,9
1670,1,0,0.6993791168313886,83,10
1671,1,1,0.6989880062162267,83,11
1672,1,0,0.6996959389798403,83,12
1673,1,1,0.6995038908760975,83,13
1674,1,0,0.6998510383553594,83,14
1675,1,0,0.6997568378160627,83,15
1676,1,0,0.6996031778087215,83,16
1677,1,1,0.6993527342760706,83,17
1678,1,1,0.6998056172188779,83,18
1679,1,0,0.6999416456082814,83,19
1680,1,1,0.42,84,0
1681,1,0,0.5599999999999999,84,1
1682,1,0,0.5440909128839311,84,2
1683,1,1,0.5324327084668715,84,3
1684,1,0,0.6339087515490518,84,4
1685,1,0,0.6115392424678793,84,5
1686,1,0,0.5884166075152532,84,6
1687,1,0,0.5671572721386426,84,7
1688,1,1,0.5496152740685389,84,8
1689,1,0,0.6425401632491493,84,9
1690,1,1,0.6212350193245321,84,10
1691,1,1,0.6733745542909675,84,11
1692,1,0,0.6916965100543074,84,12
1693,1,1,0.6868029245348319,84,13
1694,1,1,0.6959647789173573,84,14
1695,1,0,0.6987823915313295,84,15
1696,1,1,0.6980192993466489,84,16
1697,1,1,0.6994040803637059,84,17
1698,1,1,0.6998210484370784,84,18
1699,1,0,0.6999462774432903,84,19
1700,1,1,0.42,85,0
1701,1,1,0.5599999999999999,85,1
1702,1,1,0.6474999791383793,85,2
1703,1,0,0.6829729436539385,85,3
1704,1,1,0.6736828373460272,85,4
1705,1,1,0.6917964075887146,85,5
1706,1,0,0.6975097147211121,85,6
1707,1,0,0.6959660401689549,85,7
1708,1,0,0.6934986396855858,85,8
1709,1,1,0.6896063731766745,85,9
1710,1,0,0.6968348936022337,85,10
1711,1,1,0.6948843187003273,85,11
1712,1,1,0.6984539740226409,85,12
1713,1,0,0.699535142248618,85,13
1714,1,0,0.6992419279955606,85,14
1715,1,1,0.6987649574820385,85,15
1716,1,1,0.6996288090465872,85,16
1717,1,1,0.6998885602785067,85,17
1718,1,1,0.6999665393985289,85,18
1719,1,0,0.6999899379756438,85,19
1720,1,0,0.42,86,0
1721,1,0,0.4634482988817883,86,1
1722,1,1,0.4839717404915881,86,2
1723,1,1,0.6062632349264827,86,3
1724,1,1,0.667531045262208,86,4
1725,1,1,0.6897855005348429,86,5
1726,1,0,0.696890249498779,86,6
1727,1,1,0.6949728714796695,86,7
1728,1,0,0.6984809290097163,86,8
1729,1,1,0.6975313714881439,86,9
1730,1,1,0.6992567671399129,86,10
1731,1,1,0.6997767698058198,86,11
1732,1,1,0.6999329862198508,86,12
1733,1,0,0.6999798705780238,86,13
1734,1,0,0.6999671452824783,86,14
1735,1,1,0.6999463642988248,86,15
1736,1,0,0.6999838846931623,86,16
1737,1,1,0.6999737008799536,86,17
1738,1,0,0.6999920866032929,86,18
1739,1,0,0.6999870962632163,86,19
1740,1,0,0.42,87,0
1741,1,0,0.4634482988817883,87,1
1742,1,1,0.4839717404915881,87,2
1743,1,1,0.6062632349264827,87,3
1744,1,0,0.667531045262208,87,4
1745,1,1,0.6521465581568725,87,5
1746,1,1,0.6845905232787681,87,6
1747,1,0,0.695273078282309,87,7
1748,1,0,0.6923991431751519,87,8
1749,1,1,0.6878920553843814,87,9
1750,1,1,0.6963036581277037,87,10
1751,1,0,0.698885187547091,87,11
1752,1,0,0.6981859017401948,87,12
1753,1,0,0.6970548030457133,87,13
1754,1,1,0.6952362987294639,87,14
1755,1,1,0.6985610742437475,87,15
1756,1,0,0.6995674097610837,87,16
1757,1,1,0.6992944743015976,87,17
1758,1,0,0.6997881054018943,87,18
1759,1,1,0.6996541708319866,87,19
1760,1,0,0.42,88,0
1761,1,0,0.4634482988817883,88,1
1762,1,0,0.4839717404915881,88,2
1763,1,1,0.49486812522551304,88,3
1764,1,1,0.6129511432095985,88,4
1765,1,1,0.6701766230442127,88,5
1766,1,0,0.6906548153726476,88,6
1767,1,1,0.6851973293069828,88,7
1768,1,1,0.6954632389261096,88,8
1769,1,0,0.6986300699562141,88,9
1770,1,1,0.6977726394309852,88,10
1771,1,1,0.6993296355399944,88,11
1772,1,1,0.6997986745364501,88,12
1773,1,1,0.6999395616258478,88,13
1774,1,1,0.699981843558848,88,14
1775,1,1,0.6999945295618731,88,15
1776,1,1,0.6999983354908775,88,16
1777,1,1,0.6999994772811078,88,17
1778,1,0,0.6999998198192146,88,18
1779,1,0,0.6999997268446099,88,19
1780,1,0,0.42,89,0
1781,1,0,0.4634482988817883,89,1
1782,1,1,0.4839717404915881,89,2
1783,1,1,0.6062632349264827,89,3
1784,1,1,0.667531045262208,89,4
1785,1,0,0.6897855005348429,89,5
1786,1,0,0.6838656824719127,89,6
1787,1,1,0.6749922419504687,89,7
1788,1,0,0.6922196965068709,89,8
1789,1,1,0.6876134275761085,89,9
1790,1,0,0.6962170662589376,89,10
1791,1,1,0.6938981709973115,89,11
1792,1,0,0.6981533310837074,89,12
1793,1,1,0.6970022475627161,89,13
1794,1,1,0.6990967830591948,89,14
1795,1,0,0.6997286614979056,89,15
1796,1,1,0.6995572353040324,89,16
1797,1,1,0.6998670631682874,89,17
1798,1,1,0.6999600880140341,89,18
1799,1,0,0.6999880023575973,89,19
1800,1,1,0.42,90,0
1801,1,0,0.5599999999999999,90,1
1802,1,1,0.5440909128839311,90,2
1803,1,1,0.6398245423718547,90,3
1804,1,0,0.6802494914838378,90,4
1805,1,1,0.66973345123711,90,5
1806,1,1,0.6905096716829174,90,6
1807,1,1,0.6971137480367805,90,7
1808,1,1,0.6991305161535947,90,8
1809,1,1,0.6997388071020341,90,9
1810,1,1,0.6999215895242664,90,10
1811,1,1,0.6999764508592681,90,11
1812,1,1,0.699992911655761,90,12
1813,1,1,0.6999978501103817,90,13
1814,1,1,0.6999993316661796,90,14
1815,1,1,0.6999997761346657,90,15
1816,1,1,0.6999999094753689,90,16
1817,1,1,0.6999999494775941,90,17
1818,1,1,0.6999999614782628,90,18
1819,1,0,0.6999999650784635,90,19
1820,1,1,0.42,91,0
1821,1,1,0.5599999999999999,91,1
1822,1,0,0.6474999791383793,91,2
1823,1,1,0.6270212606166309,91,3
1824,1,1,0.6755581672231327,91,4
1825,1,1,0.6924021343201466,91,5
1826,1,1,0.6976956052807399,91,6
1827,1,1,0.6993063749531959,91,7
1828,1,1,0.6997916827438058,91,8
1829,1,1,0.6999374628602281,91,9
1830,1,1,0.6999812138185947,91,10
1831,1,1,0.6999943406298444,91,11
1832,1,1,0.6999982788103728,91,12
1833,1,0,0.6999994602768758,91,13
1834,1,1,0.6999991395934017,91,14
1835,1,1,0.6999997185127123,91,15
1836,1,0,0.6999998921887721,91,16
1837,1,0,0.6999998450481333,91,17
1838,1,1,0.6999997680518071,91,18
1839,1,1,0.6999999070505102,91,19
1840,1,1,0.42,92,0
1841,1,1,0.5599999999999999,92,1
1842,1,1,0.6474999791383793,92,2
1843,1,1,0.6829729436539385,92,3
1844,1,0,0.6947645108059247,92,4
1845,1,1,0.6915953947074344,92,5
1846,1,1,0.6974479542231578,92,6
1847,1,1,0.699231561502134,92,7
1848,1,1,0.6997691917590136,92,8
1849,1,1,0.6999307113307116,92,9
1850,1,1,0.6999791879784392,92,10
1851,1,1,0.6999937328434745,92,11
1852,1,1,0.6999980964713726,92,12
1853,1,1,0.6999994055748976,92,13
1854,1,0,0.6999997983073192,92,14
1855,1,1,0.6999996917085511,92,15
1856,1,1,0.6999998841475178,92,16
1857,1,1,0.6999999418792373,92,17
1858,1,0,0.6999999591987557,92,18
1859,1,1,0.6999999544977435,92,19
1860,1,0,0.42,93,0
1861,1,1,0.4634482988817883,93,1
1862,1,0,0.5928124921768922,93,2
1863,1,0,0.5710130441893277,93,3
1864,1,1,0.5526677656710705,93,4
1865,1,1,0.6440173958632447,93,5
1866,1,1,0.6817452741720043,93,6
1867,1,0,0.694376920307204,93,7
1868,1,1,0.6909846364128318,93,8
1869,1,0,0.6972600804380255,93,9
1870,1,0,0.6955653206159352,93,10
1871,1,1,0.6928622227290924,93,11
1872,1,1,0.6978365839174792,93,12
1873,1,1,0.6993489397808823,93,13
1874,1,0,0.6998044767561358,93,14
1875,1,1,0.6996808744391391,93,15
1876,1,1,0.6999041953097491,93,16
1877,1,1,0.6999712312964517,93,17
1878,1,1,0.6999913456700262,93,18
1879,1,1,0.6999973803041405,93,19
1880,1,0,0.42,94,0
1881,1,0,0.4634482988817883,94,1
1882,1,1,0.4839717404915881,94,2
1883,1,1,0.6062632349264827,94,3
1884,1,1,0.667531045262208,94,4
1885,1,1,0.6897855005348429,94,5
1886,1,1,0.696890249498779,94,6
1887,1,0,0.6990628885583431,94,7
1888,1,1,0.6984741717492173,94,8
1889,1,1,0.6995412282442781,94,9
1890,1,1,0.6998622548601467,94,10
1891,1,1,0.6999586449637722,94,11
1892,1,1,0.6999875693922961,94,12
1893,1,0,0.6999962473868045,94,13
1894,1,1,0.6999938919468671,94,14
1895,1,0,0.6999981442032296,94,15
1896,1,0,0.6999969900231328,94,16
1897,1,0,0.6999951048924639,94,17
1898,1,1,0.6999920259261515,94,18
1899,1,1,0.6999975843858063,94,19
1900,1,1,0.42,95,0
1901,1,0,0.5599999999999999,95,1
1902,1,0,0.5440909128839311,95,2
1903,1,1,0.5324327084668715,95,3
1904,1,1,0.6339087515490518,95,4
1905,1,0,0.6781054041225141,95,5
1906,1,1,0.6666712413170891,95,6
1907,1,1,0.6895014905913358,95,7
1908,1,1,0.6968024682872123,95,8
1909,1,1,0.6990363153008241,95,9
1910,1,1,0.6997104726948447,95,10
1911,1,1,0.6999130825113979,95,11
1912,1,0,0.699973898152781,95,12
1913,1,1,0.6999573918221847,95,13
1914,1,1,0.6999871934047585,95,14
1915,1,1,0.6999961345864874,95,15
1916,1,0,0.6999988170046376,95,16
1917,1,1,0.6999980889212123,95,17
1918,1,1,0.6999994033098373,95,18
1919,1,0,0.6999997976278001,95,19
1920,1,1,0.42,96,0
1921,1,0,0.5599999999999999,96,1
1922,1,1,0.5440909128839311,96,2
1923,1,1,0.6398245423718547,96,3
1924,1,0,0.6802494914838378,96,4
1925,1,1,0.66973345123711,96,5
1926,1,1,0.6905096716829174,96,6
1927,1,0,0.6971137480367805,96,7
1928,1,1,0.6953307310587503,96,8
1929,1,1,0.6985897895950515,96,9
1930,1,1,0.6995760595361066,96,10
1931,1,1,0.6998727174360393,96,11
1932,1,1,0.6999617849249523,96,12
1933,1,1,0.6999885114876468,96,13
1934,1,1,0.6999965300250407,96,14
1935,1,1,0.6999989356374353,96,15
1936,1,1,0.6999996573257599,96,16
1937,1,0,0.6999998738326718,96,17
1938,1,1,0.6999998150665194,96,18
1939,1,1,0.6999999211549307,96,19
1940,1,0,0.42,97,0
1941,1,1,0.4634482988817883,97,1
1942,1,1,0.5928124921768922,97,2
1943,1,1,0.6620294959694755,97,3
1944,1,1,0.6879554903670095,97,4
1945,1,1,0.6963233626307737,97,5
1946,1,1,0.6988911616560274,97,6
1947,1,0,0.6996667973892401,97,7
1948,1,1,0.6994563938813864,97,8
1949,1,1,0.6998367680703941,97,9
1950,1,1,0.6999509956389667,97,10
1951,1,0,0.699985274298821,97,11
1952,1,1,0.6999759703363873,97,12
1953,1,0,0.6999927674891119,97,13
1954,1,1,0.6999882083208232,97,14
1955,1,1,0.6999964390719775,97,15
1956,1,1,0.6999989083512449,97,16
1957,1,1,0.6999996491398783,97,17
1958,1,0,0.699999871376905,97,18
1959,1,1,0.6999998110554364,97,19
1960,1,0,0.42,98,0
1961,1,0,0.4634482988817883,98,1
1962,1,1,0.4839717404915881,98,2
1963,1,1,0.6062632349264827,98,3
1964,1,1,0.667531045262208,98,4
1965,1,1,0.6897855005348429,98,5
1966,1,1,0.696890249498779,98,6
1967,1,1,0.6990628885583431,98,7
1968,1,0,0.699718466362802,98,8
1969,1,1,0.6995406138921618,98,9
1970,1,1,0.6998620703125463,98,10
1971,1,1,0.6999585895776872,98,11
1972,1,1,0.6999875527745074,98,12
1973,1,1,0.6999962424012913,98,13
1974,1,1,0.699998849349428,98,14
1975,1,1,0.6999996314392782,98,15
1976,1,1,0.69999986606672,98,16
1977,1,1,0.6999999364549965,98,17
1978,1,1,0.6999999575714835,98,18
1979,1,0,0.6999999639064296,98,19
1980,1,0,0.42,99,0
1981,1,1,0.4634482988817883,99,1
1982,1,1,0.5928124921768922,99,2
1983,1,0,0.6620294959694755,99,3
1984,1,1,0.6449492100118428,99,4
1985,1,1,0.6820750535499505,99,5
1986,1,1,0.6944811728100951,99,6
1987,1,0,0.6983311717105529,99,7
1988,1,1,0.6972893465008153,99,8
1989,1,1,0.6991836194314495,99,9
1990,1,0,0.6997547765211382,99,10
1991,1,1,0.6995998165005397,99,11
1992,1,0,0.6998798529229717,99,12
1993,1,1,0.6998038594311812,99,13
1994,1,0,0.6999411179777034,99,14
1995,1,1,0.6999038660213291,99,15
1996,1,1,0.6999711324828426,99,16
1997,1,0,0.6999913160235053,99,17
1998,1,1,0.6999858377189122,99,18
1999,1,1,0.6999957278651028,99,19
